{"position":[[-0.4,-0.4,-0.4,-0.3,-0.4,-0.4,-0.3,0.4,-0.4,-0.4,0.4,-0.4],[-0.4,-0.4,-0.3,-0.4,0.4,-0.3,-0.3,0.4,-0.3,-0.3,-0.4,-0.3],[-0.4,0.4,-0.4,-0.4,0.4,-0.3,-0.4,-0.4,-0.3,-0.4,-0.4,-0.4],[-0.3,0.4,-0.4,-0.3,-0.4,-0.4,-0.3,-0.4,-0.3,-0.3,0.4,-0.3],[-0.4,-0.4,-0.4,-0.4,-0.4,-0.3,-0.3,-0.4,-0.3,-0.3,-0.4,-0.4],[-0.4,0.4,-0.4,-0.3,0.4,-0.4,-0.3,0.4,-0.3,-0.4,0.4,-0.3],[0.4,-0.4,-0.4,0.4,0.4,-0.4,0.3,0.4,-0.4,0.3,-0.4,-0.4],[0.4,-0.4,-0.3,0.3,-0.4,-0.3,0.3,0.4,-0.3,0.4,0.4,-0.3],[0.4,0.4,-0.3,0.4,0.4,-0.4,0.4,-0.4,-0.4,0.4,-0.4,-0.3],[0.3,0.4,-0.3,0.3,-0.4,-0.3,0.3,-0.4,-0.4,0.3,0.4,-0.4],[0.4,-0.4,-0.4,0.3,-0.4,-0.4,0.3,-0.4,-0.3,0.4,-0.4,-0.3],[0.3,0.4,-0.4,0.4,0.4,-0.4,0.4,0.4,-0.3,0.3,0.4,-0.3],[-0.3,-0.3,-0.4,-0.3,-0.4,-0.4,0.3,-0.4,-0.4,0.3,-0.3,-0.4],[-0.3,-0.3,-0.3,0.3,-0.3,-0.3,0.3,-0.4,-0.3,-0.3,-0.4,-0.3],[-0.3,-0.3,-0.4,0.3,-0.3,-0.4,0.3,-0.3,-0.3,-0.3,-0.3,-0.3],[-0.3,-0.4,-0.4,-0.3,-0.4,-0.3,0.3,-0.4,-0.3,0.3,-0.4,-0.4],[-0.3,0.4,-0.4,-0.3,0.3,-0.4,0.3,0.3,-0.4,0.3,0.4,-0.4],[-0.3,0.4,-0.3,0.3,0.4,-0.3,0.3,0.3,-0.3,-0.3,0.3,-0.3],[-0.3,0.3,-0.4,-0.3,0.3,-0.3,0.3,0.3,-0.3,0.3,0.3,-0.4],[-0.3,0.4,-0.4,0.3,0.4,-0.4,0.3,0.4,-0.3,-0.3,0.4,-0.3],[-0.05,-0.4,0.3,0.05,-0.4,0.3,0.05,0.4,0.3,-0.05,0.4,0.3],[-0.05,-0.4,0.4,-0.05,0.4,0.4,0.05,0.4,0.4,0.05,-0.4,0.4],[-0.05,0.4,0.3,-0.05,0.4,0.4,-0.05,-0.4,0.4,-0.05,-0.4,0.3],[0.05,0.4,0.3,0.05,-0.4,0.3,0.05,-0.4,0.4,0.05,0.4,0.4],[-0.05,0.4,0.3,0.05,0.4,0.3,0.05,0.4,0.4,-0.05,0.4,0.4],[-0.05,-0.4,0.3,-0.05,-0.4,0.4,0.05,-0.4,0.4,0.05,-0.4,0.3],[-0.05,-0.3,0.4,-0.05,-0.4,0.4,-0.4,-0.4,-0.3,-0.4,-0.3,-0.3],[-0.3,-0.4,-0.3,-0.05,-0.4,0.3,-0.05,-0.3,0.3,-0.3,-0.3,-0.3],[-0.4,-0.3,-0.3,-0.3,-0.3,-0.3,-0.05,-0.3,0.3,-0.05,-0.3,0.4],[-0.4,-0.4,-0.3,-0.05,-0.4,0.4,-0.05,-0.4,0.3,-0.3,-0.4,-0.3],[0.05,-0.3,0.3,0.05,-0.4,0.3,0.3,-0.4,-0.3,0.3,-0.3,-0.3],[0.4,-0.4,-0.3,0.05,-0.4,0.4,0.05,-0.3,0.4,0.4,-0.3,-0.3],[0.3,-0.3,-0.3,0.4,-0.3,-0.3,0.05,-0.3,0.4,0.05,-0.3,0.3],[0.3,-0.4,-0.3,0.05,-0.4,0.3,0.05,-0.4,0.4,0.4,-0.4,-0.3],[0.4,0.3,-0.3,0.05,0.3,0.4,0.05,0.4,0.4,0.4,0.4,-0.3],[0.05,0.4,0.3,0.05,0.3,0.3,0.3,0.3,-0.3,0.3,0.4,-0.3],[0.3,0.4,-0.3,0.4,0.4,-0.3,0.05,0.4,0.4,0.05,0.4,0.3],[0.3,0.3,-0.3,0.05,0.3,0.3,0.05,0.3,0.4,0.4,0.3,-0.3],[-0.05,0.4,0.4,-0.05,0.3,0.4,-0.4,0.3,-0.3,-0.4,0.4,-0.3],[-0.3,0.3,-0.3,-0.05,0.3,0.3,-0.05,0.4,0.3,-0.3,0.4,-0.3],[-0.4,0.4,-0.3,-0.3,0.4,-0.3,-0.05,0.4,0.3,-0.05,0.4,0.4],[-0.4,0.3,-0.3,-0.05,0.3,0.4,-0.05,0.3,0.3,-0.3,0.3,-0.3]],"color":[[0.014302043328555225,0.47498587355155086,0.1495138837332728,0.014302043328555225,0.47498587355155086,0.1495138837332728,0.014302043328555225,0.47498587355155086,0.1495138837332728,0.014302043328555225,0.47498587355155086,0.1495138837332728],[0.19474964496672764,0.878003474021684,0.30965848190390033,0.19474964496672764,0.878003474021684,0.30965848190390033,0.19474964496672764,0.878003474021684,0.30965848190390033,0.19474964496672764,0.878003474021684,0.30965848190390033],[0.04206200189553244,0.8304668148485885,0.44052406335625105,0.04206200189553244,0.8304668148485885,0.44052406335625105,0.04206200189553244,0.8304668148485885,0.44052406335625105,0.04206200189553244,0.8304668148485885,0.44052406335625105],[0.24018044450249554,0.41561545798271693,0.9596035045997955,0.24018044450249554,0.41561545798271693,0.9596035045997955,0.24018044450249554,0.41561545798271693,0.9596035045997955,0.24018044450249554,0.41561545798271693,0.9596035045997955],[0.2908218902272741,0.6868506744775913,0.17833874002433614,0.2908218902272741,0.6868506744775913,0.17833874002433614,0.2908218902272741,0.6868506744775913,0.17833874002433614,0.2908218902272741,0.6868506744775913,0.17833874002433614],[0.8414591947138643,0.37363775326321846,0.2608551727758197,0.8414591947138643,0.37363775326321846,0.2608551727758197,0.8414591947138643,0.37363775326321846,0.2608551727758197,0.8414591947138643,0.37363775326321846,0.2608551727758197],[0.10632169541752345,0.4590145556455185,0.6376296046903074,0.10632169541752345,0.4590145556455185,0.6376296046903074,0.10632169541752345,0.4590145556455185,0.6376296046903074,0.10632169541752345,0.4590145556455185,0.6376296046903074],[0.5432008941226487,0.5727882062031739,0.801398733873516,0.5432008941226487,0.5727882062031739,0.801398733873516,0.5432008941226487,0.5727882062031739,0.801398733873516,0.5432008941226487,0.5727882062031739,0.801398733873516],[0.5299643092473232,0.00025454655998591313,0.6897907514020329,0.5299643092473232,0.00025454655998591313,0.6897907514020329,0.5299643092473232,0.00025454655998591313,0.6897907514020329,0.5299643092473232,0.00025454655998591313,0.6897907514020329],[0.7787861190014416,0.29656556068793205,0.2236297975954762,0.7787861190014416,0.29656556068793205,0.2236297975954762,0.7787861190014416,0.29656556068793205,0.2236297975954762,0.7787861190014416,0.29656556068793205,0.2236297975954762],[0.20674851826553442,0.7650469308876964,0.13294468319457353,0.20674851826553442,0.7650469308876964,0.13294468319457353,0.20674851826553442,0.7650469308876964,0.13294468319457353,0.20674851826553442,0.7650469308876964,0.13294468319457353],[0.14949021096658544,0.6251986791636686,0.3284189488530871,0.14949021096658544,0.6251986791636686,0.3284189488530871,0.14949021096658544,0.6251986791636686,0.3284189488530871,0.14949021096658544,0.6251986791636686,0.3284189488530871],[0.899093755617733,0.21558898921796055,0.020168164835922653,0.899093755617733,0.21558898921796055,0.020168164835922653,0.899093755617733,0.21558898921796055,0.020168164835922653,0.899093755617733,0.21558898921796055,0.020168164835922653],[0.10635568627063186,0.22230865386275922,0.9694009851548364,0.10635568627063186,0.22230865386275922,0.9694009851548364,0.10635568627063186,0.22230865386275922,0.9694009851548364,0.10635568627063186,0.22230865386275922,0.9694009851548364],[0.2982830464019821,0.18384618842946798,0.869045584093733,0.2982830464019821,0.18384618842946798,0.869045584093733,0.2982830464019821,0.18384618842946798,0.869045584093733,0.2982830464019821,0.18384618842946798,0.869045584093733],[0.567542716924976,0.4268094461603642,0.8559738579942633,0.567542716924976,0.4268094461603642,0.8559738579942633,0.567542716924976,0.4268094461603642,0.8559738579942633,0.567542716924976,0.4268094461603642,0.8559738579942633],[0.10026977351409827,0.3474749953123746,0.44738831549956926,0.10026977351409827,0.3474749953123746,0.44738831549956926,0.10026977351409827,0.3474749953123746,0.44738831549956926,0.10026977351409827,0.3474749953123746,0.44738831549956926],[0.9297647199001613,0.2220832874722365,0.5139278570710604,0.9297647199001613,0.2220832874722365,0.5139278570710604,0.9297647199001613,0.2220832874722365,0.5139278570710604,0.9297647199001613,0.2220832874722365,0.5139278570710604],[0.9955673541833854,0.8010806666550809,0.7303345842396081,0.9955673541833854,0.8010806666550809,0.7303345842396081,0.9955673541833854,0.8010806666550809,0.7303345842396081,0.9955673541833854,0.8010806666550809,0.7303345842396081],[0.2982182780917373,0.17476878784307504,0.5907820425215982,0.2982182780917373,0.17476878784307504,0.5907820425215982,0.2982182780917373,0.17476878784307504,0.5907820425215982,0.2982182780917373,0.17476878784307504,0.5907820425215982],[0.5978397291846986,0.4921528640202726,0.31034167647024136,0.5978397291846986,0.4921528640202726,0.31034167647024136,0.5978397291846986,0.4921528640202726,0.31034167647024136,0.5978397291846986,0.4921528640202726,0.31034167647024136],[0.9996225598305093,0.7494810890792154,0.28763640373670984,0.9996225598305093,0.7494810890792154,0.28763640373670984,0.9996225598305093,0.7494810890792154,0.28763640373670984,0.9996225598305093,0.7494810890792154,0.28763640373670984],[0.3097635177903606,0.853447301585488,0.7769210728932503,0.3097635177903606,0.853447301585488,0.7769210728932503,0.3097635177903606,0.853447301585488,0.7769210728932503,0.3097635177903606,0.853447301585488,0.7769210728932503],[0.7608276448925071,0.39695160172284694,0.8602315762026806,0.7608276448925071,0.39695160172284694,0.8602315762026806,0.7608276448925071,